<?xml version="1.0" encoding="UTF-8"?>

<site>

   <category-def name="org.codehaus.groovy.eclipse" label="Main Package (required)">
      <description>
         Provides Groovy support to Eclipse.
      </description>
   </category-def>

   <!--category-def name="org.codehaus.groovy.eclipse.sdk" label="Main Sources (optional)">
      <description>
         Provides source code for the Groovy-Eclipse plugins.
      </description>
   </category-def-->

   <category-def name="org.codehaus.groovy.compilers" label="More Compilers (optional)">
      <description>
         The Groovy 3.0 compiler is installed automatically, but you may install any other Groovy compiler as well.
      </description>
   </category-def>

   <category-def name="org.codehaus.groovy.m2eclipse" label="Maven Support (optional)">
      <description>
         Provides Groovy support to m2eclipse. This is compatible with m2eclipse 1.x and 2.x.
      </description>
   </category-def>


   <feature id="org.codehaus.groovy.eclipse.feature" url="features/org.codehaus.groovy.eclipse.feature_5.2.0.v202312311738-e2312.jar" version="5.2.0.v202312311738-e2312">
      <category name="org.codehaus.groovy.eclipse"/>
   </feature>

   <!--feature id="org.codehaus.groovy.eclipse.feature.source" url="features/org.codehaus.groovy.eclipse.feature.source_5.2.0.qualifier.jar" version="5.2.0.qualifier">
      <category name="org.codehaus.groovy.eclipse.sdk"/>
   </feature-->

   <!--feature id="org.codehaus.groovy.jdt.patch" url="features/org.codehaus.groovy.jdt.patch_5.2.0.qualifier.jar" version="5.2.0.qualifier" patch="true">
      <category name="org.codehaus.groovy.eclipse"/>
   </feature-->

   <!--feature id="org.codehaus.groovy.jdt.patch.source" url="features/org.codehaus.groovy.jdt.patch.source_5.2.0.qualifier.jar" version="5.2.0.qualifier">
      <category name="org.codehaus.groovy.eclipse.sdk"/>
   </feature-->

   <!--feature id="org.codehaus.groovy30.feature" url="features/org.codehaus.groovy30.feature_5.2.0.qualifier.jar" version="5.2.0.qualifier">
      <category name="org.codehaus.groovy.compilers"/>
   </feature-->

   <feature id="org.codehaus.groovy40.feature" url="features/org.codehaus.groovy40.feature_5.2.0.v202312311738-e2312.jar" version="5.2.0.v202312311738-e2312">
      <category name="org.codehaus.groovy.compilers"/>
   </feature>

   <feature id="org.codehaus.groovy50.feature" url="features/org.codehaus.groovy50.feature_5.2.0.v202312311738-e2312.jar" version="5.2.0.v202312311738-e2312">
      <category name="org.codehaus.groovy.compilers"/>
   </feature>

   <feature id="org.codehaus.groovy.m2eclipse.feature" url="features/org.codehaus.groovy.m2eclipse.feature_5.2.0.v202312311738-e2312.jar" version="5.2.0.v202312311738-e2312">
      <category name="org.codehaus.groovy.m2eclipse"/>
   </feature>

</site>
